{"cameraMode":{"drawMode":0,"name":"Shaded","section":"Shading Mode"},"sceneLighting":true,"audioPlay":false,"sceneViewState":{"m_AlwaysRefresh":false,"showFog":true,"showSkybox":true,"showFlares":true,"showImageEffects":true,"showParticleSystems":true,"showVisualEffectGraphs":true,"m_FxEnabled":true},"in2DMode":false,"pivot":{"x":0.14363884925842286,"y":2.7712645530700685,"z":-0.11143556982278824},"rotation":{"x":0.5342952609062195,"y":-0.46445372700691225,"z":0.5238199234008789,"w":0.473739355802536},"size":13.338374137878418,"orthographic":true}